Age,aws,azure,whisper,Value Counts
Adult,38.6192937853107,30.8581920903955,30.8581920903955,354
Child,100,80,80,1
Unknown,112.166530612245,277.790918367347,277.790918367347,98