Age,google,aws,azure,whisper,Value Counts
Adult,62.9493348623853,41.3115137614679,41.420504587156,41.420504587156,436
Unknown,76.4274698795181,53.8413253012048,46.1830120481928,46.1830120481928,83